kind	name	threshold	rc	wall_s	inadequate	spec_failures	max_osr	compile_count	compiles	jits	sites	retry_after	retry_before	reopt	phase_ms	dfg_compile_ms	ftl_compile_ms	total_compile_ms	stub_bytes_sum	unknown_option	repro	log
sweep	A	0	0	0.0166	3	3	0	0		{}	f@4/InadequateCoverage=1|@461/InadequateCoverage=1|@669/InadequateCoverage=1	1	0	1	2.388	2.015	0.0	2.266	2400	0	name=A-durable-same-site sum=28000 warmup_ms=1.526 phase_ms=2.388 steady_ms=1.324 dfg_before=1 dfg_after=2 dfg_steady=2 retry_before=0 retry_after=1 retry_steady=1 reopt=1	/workspace/Tools/InadequateCoverageResearch/results/v2-candidate-3a999a1a-A-t0.log
sweep	A	1	0	0.0139	3	3	1	0		{}	f@4/InadequateCoverage=2|@461/InadequateCoverage=1	1	0	1	2.388	1.181	0.0	1.385	1440	0	name=A-durable-same-site sum=28000 warmup_ms=1.228 phase_ms=2.388 steady_ms=0.404 dfg_before=1 dfg_after=2 dfg_steady=2 retry_before=0 retry_after=1 retry_steady=1 reopt=1	/workspace/Tools/InadequateCoverageResearch/results/v2-candidate-3a999a1a-A-t1.log
sweep	A	2	0	0.0137	4	4	2	0		{}	f@4/InadequateCoverage=3|@461/InadequateCoverage=1	1	0	1	2.312	1.145	0.0	1.361	1440	0	name=A-durable-same-site sum=28000 warmup_ms=1.348 phase_ms=2.312 steady_ms=0.393 dfg_before=1 dfg_after=2 dfg_steady=2 retry_before=0 retry_after=1 retry_steady=1 reopt=1	/workspace/Tools/InadequateCoverageResearch/results/v2-candidate-3a999a1a-A-t2.log
sweep	A	3	0	0.0133	5	5	3	0		{}	f@4/InadequateCoverage=4|@461/InadequateCoverage=1	1	0	1	2.577	1.165	0.0	1.359	1440	0	name=A-durable-same-site sum=28000 warmup_ms=1.029 phase_ms=2.577 steady_ms=0.388 dfg_before=1 dfg_after=2 dfg_steady=2 retry_before=0 retry_after=1 retry_steady=1 reopt=1	/workspace/Tools/InadequateCoverageResearch/results/v2-candidate-3a999a1a-A-t3.log
sweep	A	5	0	0.0134	7	7	5	0		{}	f@4/InadequateCoverage=6|@461/InadequateCoverage=1	1	0	1	2.710	1.129	0.0	1.314	1440	0	name=A-durable-same-site sum=28000 warmup_ms=1.299 phase_ms=2.710 steady_ms=0.385 dfg_before=1 dfg_after=2 dfg_steady=2 retry_before=0 retry_after=1 retry_steady=1 reopt=1	/workspace/Tools/InadequateCoverageResearch/results/v2-candidate-3a999a1a-A-t5.log
sweep	A	10	0	0.0141	12	12	10	0		{}	f@4/InadequateCoverage=11|@461/InadequateCoverage=1	1	0	1	3.430	1.125	0.0	1.308	1440	0	name=A-durable-same-site sum=28000 warmup_ms=1.092 phase_ms=3.430 steady_ms=0.415 dfg_before=1 dfg_after=2 dfg_steady=2 retry_before=0 retry_after=1 retry_steady=1 reopt=1	/workspace/Tools/InadequateCoverageResearch/results/v2-candidate-3a999a1a-A-t10.log
sweep	B	0	0	0.0108	1	1	0	0		{}	f@4/InadequateCoverage=1	1	0	1	0.253	0.362	0.0	0.531	544	0	name=B-exactly-1 sum=1 warmup_ms=0.999 phase_ms=0.253 after_ms=0.695 dfg_before=1 dfg_after_hits=1 dfg_after=2 retry_before=0 retry_after_hits=1 retry_after=1 reopt=1 hits=1	/workspace/Tools/InadequateCoverageResearch/results/v2-candidate-3a999a1a-B-t0.log
sweep	B	1	0	0.0108	1	1	0	0		{}	f@4/InadequateCoverage=1	0	0	0	0.236	0.228	0.0	0.417	544	0	name=B-exactly-1 sum=1 warmup_ms=1.317 phase_ms=0.236 after_ms=0.328 dfg_before=1 dfg_after_hits=1 dfg_after=1 retry_before=0 retry_after_hits=0 retry_after=0 reopt=0 hits=1	/workspace/Tools/InadequateCoverageResearch/results/v2-candidate-3a999a1a-B-t1.log
sweep	B	2	0	0.0109	1	1	0	0		{}	f@4/InadequateCoverage=1	0	0	0	0.222	0.253	0.0	0.446	544	0	name=B-exactly-1 sum=1 warmup_ms=1.211 phase_ms=0.222 after_ms=0.312 dfg_before=1 dfg_after_hits=1 dfg_after=1 retry_before=0 retry_after_hits=0 retry_after=0 reopt=0 hits=1	/workspace/Tools/InadequateCoverageResearch/results/v2-candidate-3a999a1a-B-t2.log
sweep	B	3	0	0.0109	1	1	0	0		{}	f@4/InadequateCoverage=1	0	0	0	0.234	0.235	0.0	0.42	544	0	name=B-exactly-1 sum=1 warmup_ms=1.324 phase_ms=0.234 after_ms=0.356 dfg_before=1 dfg_after_hits=1 dfg_after=1 retry_before=0 retry_after_hits=0 retry_after=0 reopt=0 hits=1	/workspace/Tools/InadequateCoverageResearch/results/v2-candidate-3a999a1a-B-t3.log
sweep	B	5	0	0.0109	1	1	0	0		{}	f@4/InadequateCoverage=1	0	0	0	0.227	0.225	0.0	0.417	544	0	name=B-exactly-1 sum=1 warmup_ms=1.273 phase_ms=0.227 after_ms=0.307 dfg_before=1 dfg_after_hits=1 dfg_after=1 retry_before=0 retry_after_hits=0 retry_after=0 reopt=0 hits=1	/workspace/Tools/InadequateCoverageResearch/results/v2-candidate-3a999a1a-B-t5.log
sweep	B	10	0	0.0111	1	1	0	0		{}	f@4/InadequateCoverage=1	0	0	0	0.234	0.248	0.0	0.432	544	0	name=B-exactly-1 sum=1 warmup_ms=1.349 phase_ms=0.234 after_ms=0.339 dfg_before=1 dfg_after_hits=1 dfg_after=1 retry_before=0 retry_after_hits=0 retry_after=0 reopt=0 hits=1	/workspace/Tools/InadequateCoverageResearch/results/v2-candidate-3a999a1a-B-t10.log
sweep	C	0	0	0.0113	1	1	0	0		{}	f@4/InadequateCoverage=1	1	0	1	0.281	0.404	0.0	0.588	544	0	name=C-exactly-2 sum=2 warmup_ms=1.292 phase_ms=0.281 after_ms=0.724 dfg_before=1 dfg_after_hits=1 dfg_after=2 retry_before=0 retry_after_hits=1 retry_after=1 reopt=1 hits=2	/workspace/Tools/InadequateCoverageResearch/results/v2-candidate-3a999a1a-C-t0.log
sweep	C	1	0	0.0113	2	2	1	0		{}	f@4/InadequateCoverage=2	1	0	1	0.405	0.414	0.0	0.595	544	0	name=C-exactly-2 sum=2 warmup_ms=1.047 phase_ms=0.405 after_ms=0.758 dfg_before=1 dfg_after_hits=1 dfg_after=2 retry_before=0 retry_after_hits=1 retry_after=1 reopt=1 hits=2	/workspace/Tools/InadequateCoverageResearch/results/v2-candidate-3a999a1a-C-t1.log
sweep	C	2	0	0.0115	2	2	1	0		{}	f@4/InadequateCoverage=2	0	0	0	0.358	0.244	0.0	0.437	544	0	name=C-exactly-2 sum=2 warmup_ms=1.365 phase_ms=0.358 after_ms=0.334 dfg_before=1 dfg_after_hits=1 dfg_after=1 retry_before=0 retry_after_hits=0 retry_after=0 reopt=0 hits=2	/workspace/Tools/InadequateCoverageResearch/results/v2-candidate-3a999a1a-C-t2.log
sweep	C	3	0	0.011	2	2	1	0		{}	f@4/InadequateCoverage=2	0	0	0	0.356	0.231	0.0	0.416	544	0	name=C-exactly-2 sum=2 warmup_ms=1.346 phase_ms=0.356 after_ms=0.357 dfg_before=1 dfg_after_hits=1 dfg_after=1 retry_before=0 retry_after_hits=0 retry_after=0 reopt=0 hits=2	/workspace/Tools/InadequateCoverageResearch/results/v2-candidate-3a999a1a-C-t3.log
sweep	C	5	0	0.0112	2	2	1	0		{}	f@4/InadequateCoverage=2	0	0	0	0.349	0.22	0.0	0.399	544	0	name=C-exactly-2 sum=2 warmup_ms=1.294 phase_ms=0.349 after_ms=0.345 dfg_before=1 dfg_after_hits=1 dfg_after=1 retry_before=0 retry_after_hits=0 retry_after=0 reopt=0 hits=2	/workspace/Tools/InadequateCoverageResearch/results/v2-candidate-3a999a1a-C-t5.log
sweep	C	10	0	0.0113	2	2	1	0		{}	f@4/InadequateCoverage=2	0	0	0	0.343	0.239	0.0	0.434	544	0	name=C-exactly-2 sum=2 warmup_ms=1.309 phase_ms=0.343 after_ms=0.325 dfg_before=1 dfg_after_hits=1 dfg_after=1 retry_before=0 retry_after_hits=0 retry_after=0 reopt=0 hits=2	/workspace/Tools/InadequateCoverageResearch/results/v2-candidate-3a999a1a-C-t10.log
sweep	D	0	0	0.0123	1	1	0	0		{}	f@4/InadequateCoverage=1	1	0	1	0.294	0.422	0.0	0.639	544	0	name=D-exactly-3 sum=3 warmup_ms=1.379 phase_ms=0.294 after_ms=0.750 dfg_before=1 dfg_after_hits=1 dfg_after=2 retry_before=0 retry_after_hits=1 retry_after=1 reopt=1 hits=3	/workspace/Tools/InadequateCoverageResearch/results/v2-candidate-3a999a1a-D-t0.log
sweep	D	1	0	0.0116	2	2	1	0		{}	f@4/InadequateCoverage=2	1	0	1	0.383	0.394	0.0	0.573	544	0	name=D-exactly-3 sum=3 warmup_ms=1.282 phase_ms=0.383 after_ms=0.731 dfg_before=1 dfg_after_hits=1 dfg_after=2 retry_before=0 retry_after_hits=1 retry_after=1 reopt=1 hits=3	/workspace/Tools/InadequateCoverageResearch/results/v2-candidate-3a999a1a-D-t1.log
sweep	D	2	0	0.0121	3	3	2	0		{}	f@4/InadequateCoverage=3	1	0	1	0.540	0.421	0.0	0.611	544	0	name=D-exactly-3 sum=3 warmup_ms=1.374 phase_ms=0.540 after_ms=0.772 dfg_before=1 dfg_after_hits=1 dfg_after=2 retry_before=0 retry_after_hits=1 retry_after=1 reopt=1 hits=3	/workspace/Tools/InadequateCoverageResearch/results/v2-candidate-3a999a1a-D-t2.log
sweep	D	3	0	0.0111	3	3	2	0		{}	f@4/InadequateCoverage=3	0	0	0	0.433	0.227	0.0	0.407	544	0	name=D-exactly-3 sum=3 warmup_ms=1.291 phase_ms=0.433 after_ms=0.308 dfg_before=1 dfg_after_hits=1 dfg_after=1 retry_before=0 retry_after_hits=0 retry_after=0 reopt=0 hits=3	/workspace/Tools/InadequateCoverageResearch/results/v2-candidate-3a999a1a-D-t3.log
sweep	D	5	0	0.0116	3	3	2	0		{}	f@4/InadequateCoverage=3	0	0	0	0.483	0.248	0.0	0.441	544	0	name=D-exactly-3 sum=3 warmup_ms=1.417 phase_ms=0.483 after_ms=0.354 dfg_before=1 dfg_after_hits=1 dfg_after=1 retry_before=0 retry_after_hits=0 retry_after=0 reopt=0 hits=3	/workspace/Tools/InadequateCoverageResearch/results/v2-candidate-3a999a1a-D-t5.log
sweep	D	10	0	0.0114	3	3	2	0		{}	f@4/InadequateCoverage=3	0	0	0	0.471	0.258	0.0	0.456	544	0	name=D-exactly-3 sum=3 warmup_ms=1.398 phase_ms=0.471 after_ms=0.332 dfg_before=1 dfg_after_hits=1 dfg_after=1 retry_before=0 retry_after_hits=0 retry_after=0 reopt=0 hits=3	/workspace/Tools/InadequateCoverageResearch/results/v2-candidate-3a999a1a-D-t10.log
sweep	E	0	0	0.0117	1	1	0	0		{}	f@4/InadequateCoverage=1	1	0	1	0.275	0.425	0.0	0.627	544	0	name=E-exactly-5 sum=5 warmup_ms=1.374 phase_ms=0.275 after_ms=0.720 dfg_before=1 dfg_after_hits=1 dfg_after=2 retry_before=0 retry_after_hits=1 retry_after=1 reopt=1 hits=5	/workspace/Tools/InadequateCoverageResearch/results/v2-candidate-3a999a1a-E-t0.log
sweep	E	1	0	0.0112	2	2	1	0		{}	f@4/InadequateCoverage=2	1	0	1	0.394	0.399	0.0	0.595	544	0	name=E-exactly-5 sum=5 warmup_ms=1.296 phase_ms=0.394 after_ms=0.673 dfg_before=1 dfg_after_hits=1 dfg_after=2 retry_before=0 retry_after_hits=1 retry_after=1 reopt=1 hits=5	/workspace/Tools/InadequateCoverageResearch/results/v2-candidate-3a999a1a-E-t1.log
sweep	E	2	0	0.0113	3	3	2	0		{}	f@4/InadequateCoverage=3	1	0	1	0.491	0.398	0.0	0.586	544	0	name=E-exactly-5 sum=5 warmup_ms=1.310 phase_ms=0.491 after_ms=0.716 dfg_before=1 dfg_after_hits=1 dfg_after=2 retry_before=0 retry_after_hits=1 retry_after=1 reopt=1 hits=5	/workspace/Tools/InadequateCoverageResearch/results/v2-candidate-3a999a1a-E-t2.log
sweep	E	3	0	0.0116	4	4	3	0		{}	f@4/InadequateCoverage=4	1	0	1	0.608	0.424	0.0	0.61	544	0	name=E-exactly-5 sum=5 warmup_ms=1.313 phase_ms=0.608 after_ms=0.751 dfg_before=1 dfg_after_hits=1 dfg_after=2 retry_before=0 retry_after_hits=1 retry_after=1 reopt=1 hits=5	/workspace/Tools/InadequateCoverageResearch/results/v2-candidate-3a999a1a-E-t3.log
sweep	E	5	0	0.0115	5	5	4	0		{}	f@4/InadequateCoverage=5	0	0	0	0.722	0.247	0.0	0.43	544	0	name=E-exactly-5 sum=5 warmup_ms=1.416 phase_ms=0.722 after_ms=0.364 dfg_before=1 dfg_after_hits=1 dfg_after=1 retry_before=0 retry_after_hits=0 retry_after=0 reopt=0 hits=5	/workspace/Tools/InadequateCoverageResearch/results/v2-candidate-3a999a1a-E-t5.log
sweep	E	10	0	0.0111	5	5	4	0		{}	f@4/InadequateCoverage=5	0	0	0	0.656	0.214	0.0	0.389	544	0	name=E-exactly-5 sum=5 warmup_ms=1.096 phase_ms=0.656 after_ms=0.334 dfg_before=1 dfg_after_hits=1 dfg_after=1 retry_before=0 retry_after_hits=0 retry_after=0 reopt=0 hits=5	/workspace/Tools/InadequateCoverageResearch/results/v2-candidate-3a999a1a-E-t10.log
sweep	F	0	0	0.0112	1	1	0	0		{}	f@4/InadequateCoverage=1	1	0	1	0.289	0.431	0.0	0.624	544	0	name=F-exactly-6 sum=6 warmup_ms=1.273 phase_ms=0.289 after_ms=0.784 dfg_before=1 dfg_after_hits=1 dfg_after=2 retry_before=0 retry_after_hits=1 retry_after=1 reopt=1 hits=6	/workspace/Tools/InadequateCoverageResearch/results/v2-candidate-3a999a1a-F-t0.log
sweep	F	1	0	0.0112	2	2	1	0		{}	f@4/InadequateCoverage=2	1	0	1	0.263	0.438	0.0	0.627	544	0	name=F-exactly-6 sum=6 warmup_ms=1.232 phase_ms=0.263 after_ms=0.800 dfg_before=1 dfg_after_hits=1 dfg_after=2 retry_before=0 retry_after_hits=1 retry_after=1 reopt=1 hits=6	/workspace/Tools/InadequateCoverageResearch/results/v2-candidate-3a999a1a-F-t1.log
sweep	F	2	0	0.0114	3	3	2	0		{}	f@4/InadequateCoverage=3	1	0	1	0.507	0.402	0.0	0.594	544	0	name=F-exactly-6 sum=6 warmup_ms=1.351 phase_ms=0.507 after_ms=0.755 dfg_before=1 dfg_after_hits=1 dfg_after=2 retry_before=0 retry_after_hits=1 retry_after=1 reopt=1 hits=6	/workspace/Tools/InadequateCoverageResearch/results/v2-candidate-3a999a1a-F-t2.log
sweep	F	3	0	0.0115	4	4	3	0		{}	f@4/InadequateCoverage=4	1	0	1	0.606	0.386	0.0	0.575	544	0	name=F-exactly-6 sum=6 warmup_ms=1.119 phase_ms=0.606 after_ms=0.711 dfg_before=1 dfg_after_hits=1 dfg_after=2 retry_before=0 retry_after_hits=1 retry_after=1 reopt=1 hits=6	/workspace/Tools/InadequateCoverageResearch/results/v2-candidate-3a999a1a-F-t3.log
sweep	F	5	0	0.0116	6	6	5	0		{}	f@4/InadequateCoverage=6	1	0	1	0.701	0.443	0.0	0.626	544	0	name=F-exactly-6 sum=6 warmup_ms=1.241 phase_ms=0.701 after_ms=0.813 dfg_before=1 dfg_after_hits=1 dfg_after=2 retry_before=0 retry_after_hits=1 retry_after=1 reopt=1 hits=6	/workspace/Tools/InadequateCoverageResearch/results/v2-candidate-3a999a1a-F-t5.log
sweep	F	10	0	0.0115	6	6	5	0		{}	f@4/InadequateCoverage=6	0	0	0	0.836	0.248	0.0	0.439	544	0	name=F-exactly-6 sum=6 warmup_ms=1.388 phase_ms=0.836 after_ms=0.341 dfg_before=1 dfg_after_hits=1 dfg_after=1 retry_before=0 retry_after_hits=0 retry_after=0 reopt=0 hits=6	/workspace/Tools/InadequateCoverageResearch/results/v2-candidate-3a999a1a-F-t10.log
sweep	G	0	0	0.0111	1	1	0	0		{}	f@5/InadequateCoverage=1	1	0	1	0.290	0.609	0.0	0.838	544	0	name=G-32x1 sum=528 warmup_ms=1.971 phase_ms=0.290 dfg_before=1 dfg_after=1 retry_before=0 retry_after=1 reopt=1 hits=1 sites=32	/workspace/Tools/InadequateCoverageResearch/results/v2-candidate-3a999a1a-G-t0.log
sweep	G	1	0	0.0168	32	32	31	0		{}	f@5/InadequateCoverage=1|f@23/InadequateCoverage=1|f@41/InadequateCoverage=1|f@59/InadequateCoverage=1|f@77/InadequateCoverage=1|f@95/InadequateCoverage=1|f@113/InadequateCoverage=1|f@131/InadequateCoverage=1|f@149/InadequateCoverage=1|f@167/InadequateCoverage=1|f@185/InadequateCoverage=1|f@203/InadequateCoverage=1	0	0	0	5.887	0.618	0.0	0.828	17408	0	name=G-32x1 sum=528 warmup_ms=1.759 phase_ms=5.887 dfg_before=1 dfg_after=1 retry_before=0 retry_after=0 reopt=0 hits=1 sites=32	/workspace/Tools/InadequateCoverageResearch/results/v2-candidate-3a999a1a-G-t1.log
sweep	G	2	0	0.0171	32	32	31	0		{}	f@5/InadequateCoverage=1|f@23/InadequateCoverage=1|f@41/InadequateCoverage=1|f@59/InadequateCoverage=1|f@77/InadequateCoverage=1|f@95/InadequateCoverage=1|f@113/InadequateCoverage=1|f@131/InadequateCoverage=1|f@149/InadequateCoverage=1|f@167/InadequateCoverage=1|f@185/InadequateCoverage=1|f@203/InadequateCoverage=1	0	0	0	5.698	0.658	0.0	0.891	17408	0	name=G-32x1 sum=528 warmup_ms=2.046 phase_ms=5.698 dfg_before=1 dfg_after=1 retry_before=0 retry_after=0 reopt=0 hits=1 sites=32	/workspace/Tools/InadequateCoverageResearch/results/v2-candidate-3a999a1a-G-t2.log
sweep	G	3	0	0.017	32	32	31	0		{}	f@5/InadequateCoverage=1|f@23/InadequateCoverage=1|f@41/InadequateCoverage=1|f@59/InadequateCoverage=1|f@77/InadequateCoverage=1|f@95/InadequateCoverage=1|f@113/InadequateCoverage=1|f@131/InadequateCoverage=1|f@149/InadequateCoverage=1|f@167/InadequateCoverage=1|f@185/InadequateCoverage=1|f@203/InadequateCoverage=1	0	0	0	5.714	0.614	0.0	0.841	17408	0	name=G-32x1 sum=528 warmup_ms=2.132 phase_ms=5.714 dfg_before=1 dfg_after=1 retry_before=0 retry_after=0 reopt=0 hits=1 sites=32	/workspace/Tools/InadequateCoverageResearch/results/v2-candidate-3a999a1a-G-t3.log
sweep	G	5	0	0.0176	32	32	31	0		{}	f@5/InadequateCoverage=1|f@23/InadequateCoverage=1|f@41/InadequateCoverage=1|f@59/InadequateCoverage=1|f@77/InadequateCoverage=1|f@95/InadequateCoverage=1|f@113/InadequateCoverage=1|f@131/InadequateCoverage=1|f@149/InadequateCoverage=1|f@167/InadequateCoverage=1|f@185/InadequateCoverage=1|f@203/InadequateCoverage=1	0	0	0	5.864	0.652	0.0	0.894	17408	0	name=G-32x1 sum=528 warmup_ms=2.052 phase_ms=5.864 dfg_before=1 dfg_after=1 retry_before=0 retry_after=0 reopt=0 hits=1 sites=32	/workspace/Tools/InadequateCoverageResearch/results/v2-candidate-3a999a1a-G-t5.log
sweep	G	10	0	0.018	32	32	31	0		{}	f@5/InadequateCoverage=1|f@23/InadequateCoverage=1|f@41/InadequateCoverage=1|f@59/InadequateCoverage=1|f@77/InadequateCoverage=1|f@95/InadequateCoverage=1|f@113/InadequateCoverage=1|f@131/InadequateCoverage=1|f@149/InadequateCoverage=1|f@167/InadequateCoverage=1|f@185/InadequateCoverage=1|f@203/InadequateCoverage=1	0	0	0	5.833	0.655	0.0	0.892	17408	0	name=G-32x1 sum=528 warmup_ms=2.202 phase_ms=5.833 dfg_before=1 dfg_after=1 retry_before=0 retry_after=0 reopt=0 hits=1 sites=32	/workspace/Tools/InadequateCoverageResearch/results/v2-candidate-3a999a1a-G-t10.log
sweep	H	0	0	0.012	1	1	0	0		{}	f@5/InadequateCoverage=1	1	0	1	0.326	0.644	0.0	0.903	544	0	name=H-32x2 sum=1056 warmup_ms=1.989 phase_ms=0.326 dfg_before=1 dfg_after=1 retry_before=0 retry_after=1 reopt=1 hits=2 sites=32	/workspace/Tools/InadequateCoverageResearch/results/v2-candidate-3a999a1a-H-t0.log
sweep	H	1	0	0.0116	2	2	1	0		{}	f@5/InadequateCoverage=2	1	0	1	0.408	0.657	0.0	0.892	544	0	name=H-32x2 sum=1056 warmup_ms=2.129 phase_ms=0.408 dfg_before=1 dfg_after=1 retry_before=0 retry_after=1 reopt=1 hits=2 sites=32	/workspace/Tools/InadequateCoverageResearch/results/v2-candidate-3a999a1a-H-t1.log
sweep	H	2	0	0.0191	64	64	63	0		{}	f@5/InadequateCoverage=2|f@23/InadequateCoverage=2|f@41/InadequateCoverage=2|f@59/InadequateCoverage=2|f@77/InadequateCoverage=2|f@95/InadequateCoverage=2|f@113/InadequateCoverage=2|f@131/InadequateCoverage=2|f@149/InadequateCoverage=2|f@167/InadequateCoverage=2|f@185/InadequateCoverage=2|f@203/InadequateCoverage=2	0	0	0	8.099	0.591	0.0	0.834	17408	0	name=H-32x2 sum=1056 warmup_ms=1.875 phase_ms=8.099 dfg_before=1 dfg_after=1 retry_before=0 retry_after=0 reopt=0 hits=2 sites=32	/workspace/Tools/InadequateCoverageResearch/results/v2-candidate-3a999a1a-H-t2.log
sweep	H	3	0	0.02	64	64	63	0		{}	f@5/InadequateCoverage=2|f@23/InadequateCoverage=2|f@41/InadequateCoverage=2|f@59/InadequateCoverage=2|f@77/InadequateCoverage=2|f@95/InadequateCoverage=2|f@113/InadequateCoverage=2|f@131/InadequateCoverage=2|f@149/InadequateCoverage=2|f@167/InadequateCoverage=2|f@185/InadequateCoverage=2|f@203/InadequateCoverage=2	0	0	0	8.909	0.641	0.0	0.869	17408	0	name=H-32x2 sum=1056 warmup_ms=1.885 phase_ms=8.909 dfg_before=1 dfg_after=1 retry_before=0 retry_after=0 reopt=0 hits=2 sites=32	/workspace/Tools/InadequateCoverageResearch/results/v2-candidate-3a999a1a-H-t3.log
sweep	H	5	0	0.0208	64	64	63	0		{}	f@5/InadequateCoverage=2|f@23/InadequateCoverage=2|f@41/InadequateCoverage=2|f@59/InadequateCoverage=2|f@77/InadequateCoverage=2|f@95/InadequateCoverage=2|f@113/InadequateCoverage=2|f@131/InadequateCoverage=2|f@149/InadequateCoverage=2|f@167/InadequateCoverage=2|f@185/InadequateCoverage=2|f@203/InadequateCoverage=2	0	0	0	9.291	0.654	0.0	0.885	17408	0	name=H-32x2 sum=1056 warmup_ms=2.042 phase_ms=9.291 dfg_before=1 dfg_after=1 retry_before=0 retry_after=0 reopt=0 hits=2 sites=32	/workspace/Tools/InadequateCoverageResearch/results/v2-candidate-3a999a1a-H-t5.log
sweep	H	10	0	0.0206	64	64	63	0		{}	f@5/InadequateCoverage=2|f@23/InadequateCoverage=2|f@41/InadequateCoverage=2|f@59/InadequateCoverage=2|f@77/InadequateCoverage=2|f@95/InadequateCoverage=2|f@113/InadequateCoverage=2|f@131/InadequateCoverage=2|f@149/InadequateCoverage=2|f@167/InadequateCoverage=2|f@185/InadequateCoverage=2|f@203/InadequateCoverage=2	0	0	0	8.940	0.698	0.0	0.942	17408	0	name=H-32x2 sum=1056 warmup_ms=2.201 phase_ms=8.940 dfg_before=1 dfg_after=1 retry_before=0 retry_after=0 reopt=0 hits=2 sites=32	/workspace/Tools/InadequateCoverageResearch/results/v2-candidate-3a999a1a-H-t10.log
sweep	I	0	0	0.0119	1	1	0	0		{}	f@5/InadequateCoverage=1	1	0	1	0.363	0.65	0.0	0.885	544	0	name=I-32x3 sum=1584 warmup_ms=2.209 phase_ms=0.363 dfg_before=1 dfg_after=1 retry_before=0 retry_after=1 reopt=1 hits=3 sites=32	/workspace/Tools/InadequateCoverageResearch/results/v2-candidate-3a999a1a-I-t0.log
sweep	I	1	0	0.0116	2	2	1	0		{}	f@5/InadequateCoverage=2	1	0	1	0.430	0.674	0.0	0.908	544	0	name=I-32x3 sum=1584 warmup_ms=2.120 phase_ms=0.430 dfg_before=1 dfg_after=1 retry_before=0 retry_after=1 reopt=1 hits=3 sites=32	/workspace/Tools/InadequateCoverageResearch/results/v2-candidate-3a999a1a-I-t1.log
sweep	I	2	0	0.012	3	3	2	0		{}	f@5/InadequateCoverage=3	1	0	1	0.527	0.662	0.0	0.901	544	0	name=I-32x3 sum=1584 warmup_ms=2.092 phase_ms=0.527 dfg_before=1 dfg_after=1 retry_before=0 retry_after=1 reopt=1 hits=3 sites=32	/workspace/Tools/InadequateCoverageResearch/results/v2-candidate-3a999a1a-I-t2.log
sweep	I	3	0	0.0233	96	96	95	0		{}	f@5/InadequateCoverage=3|f@23/InadequateCoverage=3|f@41/InadequateCoverage=3|f@59/InadequateCoverage=3|f@77/InadequateCoverage=3|f@95/InadequateCoverage=3|f@113/InadequateCoverage=3|f@131/InadequateCoverage=3|f@149/InadequateCoverage=3|f@167/InadequateCoverage=3|f@185/InadequateCoverage=3|f@203/InadequateCoverage=3	0	0	0	11.852	0.648	0.0	0.871	17408	0	name=I-32x3 sum=1584 warmup_ms=2.084 phase_ms=11.852 dfg_before=1 dfg_after=1 retry_before=0 retry_after=0 reopt=0 hits=3 sites=32	/workspace/Tools/InadequateCoverageResearch/results/v2-candidate-3a999a1a-I-t3.log
sweep	I	5	0	0.0227	96	96	95	0		{}	f@5/InadequateCoverage=3|f@23/InadequateCoverage=3|f@41/InadequateCoverage=3|f@59/InadequateCoverage=3|f@77/InadequateCoverage=3|f@95/InadequateCoverage=3|f@113/InadequateCoverage=3|f@131/InadequateCoverage=3|f@149/InadequateCoverage=3|f@167/InadequateCoverage=3|f@185/InadequateCoverage=3|f@203/InadequateCoverage=3	0	0	0	10.906	0.702	0.0	0.939	17408	0	name=I-32x3 sum=1584 warmup_ms=2.140 phase_ms=10.906 dfg_before=1 dfg_after=1 retry_before=0 retry_after=0 reopt=0 hits=3 sites=32	/workspace/Tools/InadequateCoverageResearch/results/v2-candidate-3a999a1a-I-t5.log
sweep	I	10	0	0.0235	96	96	95	0		{}	f@5/InadequateCoverage=3|f@23/InadequateCoverage=3|f@41/InadequateCoverage=3|f@59/InadequateCoverage=3|f@77/InadequateCoverage=3|f@95/InadequateCoverage=3|f@113/InadequateCoverage=3|f@131/InadequateCoverage=3|f@149/InadequateCoverage=3|f@167/InadequateCoverage=3|f@185/InadequateCoverage=3|f@203/InadequateCoverage=3	0	0	0	11.831	0.619	0.0	0.879	17408	0	name=I-32x3 sum=1584 warmup_ms=2.107 phase_ms=11.831 dfg_before=1 dfg_after=1 retry_before=0 retry_after=0 reopt=0 hits=3 sites=32	/workspace/Tools/InadequateCoverageResearch/results/v2-candidate-3a999a1a-I-t10.log
sweep	J	0	0	0.0119	1	1	0	0		{}	f@5/InadequateCoverage=1	1	0	1	0.379	0.664	0.0	0.902	544	0	name=J-32x6 sum=3168 warmup_ms=2.090 phase_ms=0.379 dfg_before=1 dfg_after=1 retry_before=0 retry_after=1 reopt=1 hits=6 sites=32	/workspace/Tools/InadequateCoverageResearch/results/v2-candidate-3a999a1a-J-t0.log
sweep	J	1	0	0.0126	2	2	1	0		{}	f@5/InadequateCoverage=2	1	0	1	0.474	0.69	0.0	0.926	544	0	name=J-32x6 sum=3168 warmup_ms=2.173 phase_ms=0.474 dfg_before=1 dfg_after=1 retry_before=0 retry_after=1 reopt=1 hits=6 sites=32	/workspace/Tools/InadequateCoverageResearch/results/v2-candidate-3a999a1a-J-t1.log
sweep	J	2	0	0.0121	3	3	2	0		{}	f@5/InadequateCoverage=3	1	0	1	0.563	0.64	0.0	0.869	544	0	name=J-32x6 sum=3168 warmup_ms=2.160 phase_ms=0.563 dfg_before=1 dfg_after=1 retry_before=0 retry_after=1 reopt=1 hits=6 sites=32	/workspace/Tools/InadequateCoverageResearch/results/v2-candidate-3a999a1a-J-t2.log
sweep	J	3	0	0.0118	4	4	3	0		{}	f@5/InadequateCoverage=4	1	0	1	0.647	0.616	0.0	0.846	544	0	name=J-32x6 sum=3168 warmup_ms=2.070 phase_ms=0.647 dfg_before=1 dfg_after=1 retry_before=0 retry_after=1 reopt=1 hits=6 sites=32	/workspace/Tools/InadequateCoverageResearch/results/v2-candidate-3a999a1a-J-t3.log
sweep	J	5	0	0.0117	6	6	5	0		{}	f@5/InadequateCoverage=6	1	0	1	0.834	0.609	0.0	0.836	544	0	name=J-32x6 sum=3168 warmup_ms=1.902 phase_ms=0.834 dfg_before=1 dfg_after=1 retry_before=0 retry_after=1 reopt=1 hits=6 sites=32	/workspace/Tools/InadequateCoverageResearch/results/v2-candidate-3a999a1a-J-t5.log
sweep	J	10	0	0.0315	192	192	191	0		{}	f@5/InadequateCoverage=6|f@23/InadequateCoverage=6|f@41/InadequateCoverage=6|f@59/InadequateCoverage=6|f@77/InadequateCoverage=6|f@95/InadequateCoverage=6|f@113/InadequateCoverage=6|f@131/InadequateCoverage=6|f@149/InadequateCoverage=6|f@167/InadequateCoverage=6|f@185/InadequateCoverage=6|f@203/InadequateCoverage=6	0	0	0	20.228	0.633	0.0	0.876	17408	0	name=J-32x6 sum=3168 warmup_ms=2.041 phase_ms=20.228 dfg_before=1 dfg_after=1 retry_before=0 retry_after=0 reopt=0 hits=6 sites=32	/workspace/Tools/InadequateCoverageResearch/results/v2-candidate-3a999a1a-J-t10.log
sweep	K	0	0	0.0137	2	2	0	0		{}	f@77/InadequateCoverage=1|@625/InadequateCoverage=1	1	0	1	2.885	1.816	0.0	2.041	1568	0	name=K-zipf sum=37855 warmup_ms=1.760 phase_ms=2.885 dfg_before=1 dfg_after=2 retry_before=0 retry_after=1 reopt=1	/workspace/Tools/InadequateCoverageResearch/results/v2-candidate-3a999a1a-K-t0.log
sweep	K	1	0	0.0139	6	6	4	0		{}	f@77/InadequateCoverage=1|f@5/InadequateCoverage=2|f@167/InadequateCoverage=1|f@41/InadequateCoverage=1|@625/InadequateCoverage=1	1	0	1	3.305	1.721	0.0	1.936	3200	0	name=K-zipf sum=37855 warmup_ms=1.711 phase_ms=3.305 dfg_before=1 dfg_after=2 retry_before=0 retry_after=1 reopt=1	/workspace/Tools/InadequateCoverageResearch/results/v2-candidate-3a999a1a-K-t1.log
sweep	K	2	0	0.0151	11	11	9	0		{}	f@77/InadequateCoverage=1|f@5/InadequateCoverage=3|f@167/InadequateCoverage=1|f@41/InadequateCoverage=1|f@95/InadequateCoverage=1|f@23/InadequateCoverage=1|f@239/InadequateCoverage=1|f@59/InadequateCoverage=1|@625/InadequateCoverage=1	1	0	1	4.185	1.744	0.0	1.959	5376	0	name=K-zipf sum=37855 warmup_ms=1.765 phase_ms=4.185 dfg_before=1 dfg_after=2 retry_before=0 retry_after=1 reopt=1	/workspace/Tools/InadequateCoverageResearch/results/v2-candidate-3a999a1a-K-t2.log
sweep	K	3	0	0.0153	14	14	12	0		{}	f@77/InadequateCoverage=1|f@5/InadequateCoverage=4|f@167/InadequateCoverage=1|f@41/InadequateCoverage=1|f@95/InadequateCoverage=1|f@23/InadequateCoverage=2|f@239/InadequateCoverage=1|f@59/InadequateCoverage=1|f@131/InadequateCoverage=1|@625/InadequateCoverage=1	1	0	1	4.403	1.792	0.0	2.006	5920	0	name=K-zipf sum=37855 warmup_ms=1.642 phase_ms=4.403 dfg_before=1 dfg_after=2 retry_before=0 retry_after=1 reopt=1	/workspace/Tools/InadequateCoverageResearch/results/v2-candidate-3a999a1a-K-t3.log
sweep	K	5	0	0.0159	19	19	17	0		{}	f@77/InadequateCoverage=2|f@5/InadequateCoverage=6|f@167/InadequateCoverage=1|f@41/InadequateCoverage=2|f@95/InadequateCoverage=1|f@23/InadequateCoverage=2|f@239/InadequateCoverage=1|f@59/InadequateCoverage=1|f@131/InadequateCoverage=1|f@185/InadequateCoverage=1|@625/InadequateCoverage=1	1	0	1	5.460	1.759	0.0	1.981	6464	0	name=K-zipf sum=37855 warmup_ms=1.703 phase_ms=5.460 dfg_before=1 dfg_after=2 retry_before=0 retry_after=1 reopt=1	/workspace/Tools/InadequateCoverageResearch/results/v2-candidate-3a999a1a-K-t5.log
sweep	K	10	0	0.0181	37	37	35	0		{}	f@77/InadequateCoverage=3|f@5/InadequateCoverage=11|f@167/InadequateCoverage=1|f@41/InadequateCoverage=4|f@95/InadequateCoverage=2|f@23/InadequateCoverage=5|f@239/InadequateCoverage=1|f@59/InadequateCoverage=2|f@131/InadequateCoverage=2|f@185/InadequateCoverage=1|f@113/InadequateCoverage=1|f@257/InadequateCoverage=1	1	0	1	7.291	1.724	0.0	1.94	8640	0	name=K-zipf sum=37855 warmup_ms=1.761 phase_ms=7.291 dfg_before=1 dfg_after=2 retry_before=0 retry_after=1 reopt=1	/workspace/Tools/InadequateCoverageResearch/results/v2-candidate-3a999a1a-K-t10.log
sweep	L	0	0	0.0112	1	1	0	0		{}	f@5/InadequateCoverage=1	1	0	1	0.337	0.353	0.0	0.553	640	0	name=L-briefly-hot-then-gone sum=720 warmup_ms=1.680 phase_ms=0.337 dfg_before=1 dfg_after=1 retry_before=0 retry_after=1 reopt=1 burst=20 sites=8	/workspace/Tools/InadequateCoverageResearch/results/v2-candidate-3a999a1a-L-t0.log
sweep	L	1	0	0.0113	2	2	1	0		{}	f@5/InadequateCoverage=2	1	0	1	0.429	0.344	0.0	0.549	640	0	name=L-briefly-hot-then-gone sum=720 warmup_ms=1.625 phase_ms=0.429 dfg_before=1 dfg_after=1 retry_before=0 retry_after=1 reopt=1 burst=20 sites=8	/workspace/Tools/InadequateCoverageResearch/results/v2-candidate-3a999a1a-L-t1.log
sweep	L	2	0	0.0113	3	3	2	0		{}	f@5/InadequateCoverage=3	1	0	1	0.561	0.329	0.0	0.532	640	0	name=L-briefly-hot-then-gone sum=720 warmup_ms=1.693 phase_ms=0.561 dfg_before=1 dfg_after=1 retry_before=0 retry_after=1 reopt=1 burst=20 sites=8	/workspace/Tools/InadequateCoverageResearch/results/v2-candidate-3a999a1a-L-t2.log
sweep	L	3	0	0.0115	4	4	3	0		{}	f@5/InadequateCoverage=4	1	0	1	0.616	0.35	0.0	0.56	640	0	name=L-briefly-hot-then-gone sum=720 warmup_ms=1.596 phase_ms=0.616 dfg_before=1 dfg_after=1 retry_before=0 retry_after=1 reopt=1 burst=20 sites=8	/workspace/Tools/InadequateCoverageResearch/results/v2-candidate-3a999a1a-L-t3.log
sweep	L	5	0	0.0118	6	6	5	0		{}	f@5/InadequateCoverage=6	1	0	1	0.902	0.354	0.0	0.56	640	0	name=L-briefly-hot-then-gone sum=720 warmup_ms=1.723 phase_ms=0.902 dfg_before=1 dfg_after=1 retry_before=0 retry_after=1 reopt=1 burst=20 sites=8	/workspace/Tools/InadequateCoverageResearch/results/v2-candidate-3a999a1a-L-t5.log
sweep	L	10	0	0.0117	11	11	10	0		{}	f@5/InadequateCoverage=11	1	0	1	1.171	0.331	0.0	0.547	640	0	name=L-briefly-hot-then-gone sum=720 warmup_ms=1.323 phase_ms=1.171 dfg_before=1 dfg_after=1 retry_before=0 retry_after=1 reopt=1 burst=20 sites=8	/workspace/Tools/InadequateCoverageResearch/results/v2-candidate-3a999a1a-L-t10.log
sweep	M	0	0	0.0156	5	5	0	0		{}	f@5/InadequateCoverage=1|f@23/InadequateCoverage=1|f@41/InadequateCoverage=1|f@59/InadequateCoverage=1|@580/InadequateCoverage=1	4	0	1	5.516	1.875	0.0	2.075	3024	0	name=M-successive-durable-phases sum=80000 warmup_ms=1.315 phase_ms=5.516 dfg_before=1 dfg_after=5 retry_before=0 retry_after=4 reopt=1 phases=4	/workspace/Tools/InadequateCoverageResearch/results/v2-candidate-3a999a1a-M-t0.log
sweep	M	1	0	0.0171	20	20	8	0		{}	f@5/InadequateCoverage=2|f@23/InadequateCoverage=3|f@41/InadequateCoverage=5|f@59/InadequateCoverage=9|@580/InadequateCoverage=1	4	0	1	6.469	1.853	0.0	2.052	3024	0	name=M-successive-durable-phases sum=80000 warmup_ms=1.374 phase_ms=6.469 dfg_before=1 dfg_after=5 retry_before=0 retry_after=4 reopt=1 phases=4	/workspace/Tools/InadequateCoverageResearch/results/v2-candidate-3a999a1a-M-t1.log
sweep	M	2	0	0.0184	35	35	16	0		{}	f@5/InadequateCoverage=3|f@23/InadequateCoverage=5|f@41/InadequateCoverage=9|f@59/InadequateCoverage=17|@580/InadequateCoverage=1	4	0	1	8.102	1.908	0.0	2.093	3024	0	name=M-successive-durable-phases sum=80000 warmup_ms=1.147 phase_ms=8.102 dfg_before=1 dfg_after=5 retry_before=0 retry_after=4 reopt=1 phases=4	/workspace/Tools/InadequateCoverageResearch/results/v2-candidate-3a999a1a-M-t2.log
sweep	M	3	0	0.0201	50	50	24	0		{}	f@5/InadequateCoverage=4|f@23/InadequateCoverage=7|f@41/InadequateCoverage=13|f@59/InadequateCoverage=25|@580/InadequateCoverage=1	4	0	1	9.370	1.924	0.0	2.123	3024	0	name=M-successive-durable-phases sum=80000 warmup_ms=1.195 phase_ms=9.370 dfg_before=1 dfg_after=5 retry_before=0 retry_after=4 reopt=1 phases=4	/workspace/Tools/InadequateCoverageResearch/results/v2-candidate-3a999a1a-M-t3.log
sweep	M	5	0	0.0231	80	80	40	0		{}	f@5/InadequateCoverage=6|f@23/InadequateCoverage=11|f@41/InadequateCoverage=21|f@59/InadequateCoverage=41|@580/InadequateCoverage=1	4	0	1	12.770	1.925	0.0	2.123	3024	0	name=M-successive-durable-phases sum=80000 warmup_ms=1.306 phase_ms=12.770 dfg_before=1 dfg_after=5 retry_before=0 retry_after=4 reopt=1 phases=4	/workspace/Tools/InadequateCoverageResearch/results/v2-candidate-3a999a1a-M-t5.log
sweep	M	10	0	0.0305	155	155	80	0		{}	f@5/InadequateCoverage=11|f@23/InadequateCoverage=21|f@41/InadequateCoverage=41|f@59/InadequateCoverage=81|@580/InadequateCoverage=1	4	0	1	20.250	1.898	0.0	2.086	3024	0	name=M-successive-durable-phases sum=80000 warmup_ms=1.240 phase_ms=20.250 dfg_before=1 dfg_after=5 retry_before=0 retry_after=4 reopt=1 phases=4	/workspace/Tools/InadequateCoverageResearch/results/v2-candidate-3a999a1a-M-t10.log
sweep	N	0	0	0.0121	2	2	0	0		{}	f@5/InadequateCoverage=1|@483/InadequateCoverage=1	1	0	1	2.146	1.103	0.0	1.285	1568	0	name=N-short-AB-oscillation sum=12000 warmup_ms=1.036 phase_ms=2.146 dfg_before=1 dfg_after=2 retry_before=0 retry_after=1 reopt=1	/workspace/Tools/InadequateCoverageResearch/results/v2-candidate-3a999a1a-N-t0.log
sweep	N	1	0	0.0128	4	4	2	0		{}	f@5/InadequateCoverage=2|f@23/InadequateCoverage=1|@483/InadequateCoverage=1	1	0	1	2.448	1.16	0.0	1.37	2112	0	name=N-short-AB-oscillation sum=12000 warmup_ms=1.400 phase_ms=2.448 dfg_before=1 dfg_after=2 retry_before=0 retry_after=1 reopt=1	/workspace/Tools/InadequateCoverageResearch/results/v2-candidate-3a999a1a-N-t1.log
sweep	N	2	0	0.013	6	6	4	0		{}	f@5/InadequateCoverage=3|f@23/InadequateCoverage=2|@483/InadequateCoverage=1	1	0	1	2.579	1.093	0.0	1.278	2112	0	name=N-short-AB-oscillation sum=12000 warmup_ms=1.165 phase_ms=2.579 dfg_before=1 dfg_after=2 retry_before=0 retry_after=1 reopt=1	/workspace/Tools/InadequateCoverageResearch/results/v2-candidate-3a999a1a-N-t2.log
sweep	N	3	0	0.0134	8	8	6	0		{}	f@5/InadequateCoverage=4|f@23/InadequateCoverage=3|@483/InadequateCoverage=1	1	0	1	2.875	1.171	0.0	1.355	2112	0	name=N-short-AB-oscillation sum=12000 warmup_ms=1.248 phase_ms=2.875 dfg_before=1 dfg_after=2 retry_before=0 retry_after=1 reopt=1	/workspace/Tools/InadequateCoverageResearch/results/v2-candidate-3a999a1a-N-t3.log
sweep	N	5	0	0.0138	12	12	10	0		{}	f@5/InadequateCoverage=6|f@23/InadequateCoverage=5|@483/InadequateCoverage=1	1	0	1	3.176	1.18	0.0	1.37	2112	0	name=N-short-AB-oscillation sum=12000 warmup_ms=1.306 phase_ms=3.176 dfg_before=1 dfg_after=2 retry_before=0 retry_after=1 reopt=1	/workspace/Tools/InadequateCoverageResearch/results/v2-candidate-3a999a1a-N-t5.log
sweep	N	10	0	0.014	22	22	20	0		{}	f@5/InadequateCoverage=11|f@23/InadequateCoverage=10|@483/InadequateCoverage=1	1	0	1	3.891	1.113	0.0	1.297	2112	0	name=N-short-AB-oscillation sum=12000 warmup_ms=1.189 phase_ms=3.891 dfg_before=1 dfg_after=2 retry_before=0 retry_after=1 reopt=1	/workspace/Tools/InadequateCoverageResearch/results/v2-candidate-3a999a1a-N-t10.log
sweep	O	0	0	0.0134	3	3	0	0		{}	f@5/InadequateCoverage=1|f@23/InadequateCoverage=1|@602/InadequateCoverage=1	2	0	1	2.864	1.416	0.0	1.622	2112	0	name=O-long-AB-oscillation sum=24000 warmup_ms=1.175 phase_ms=2.864 dfg_before=1 dfg_after=3 retry_before=0 retry_after=2 reopt=1 block=2000 rounds=4	/workspace/Tools/InadequateCoverageResearch/results/v2-candidate-3a999a1a-O-t0.log
sweep	O	1	0	0.0142	6	6	2	0		{}	f@5/InadequateCoverage=2|f@23/InadequateCoverage=3|@602/InadequateCoverage=1	2	0	1	3.230	1.505	0.0	1.706	2112	0	name=O-long-AB-oscillation sum=24000 warmup_ms=1.285 phase_ms=3.230 dfg_before=1 dfg_after=3 retry_before=0 retry_after=2 reopt=1 block=2000 rounds=4	/workspace/Tools/InadequateCoverageResearch/results/v2-candidate-3a999a1a-O-t1.log
sweep	O	2	0	0.0147	9	9	4	0		{}	f@5/InadequateCoverage=3|f@23/InadequateCoverage=5|@602/InadequateCoverage=1	2	0	1	3.771	1.602	0.0	1.812	2112	0	name=O-long-AB-oscillation sum=24000 warmup_ms=1.207 phase_ms=3.771 dfg_before=1 dfg_after=3 retry_before=0 retry_after=2 reopt=1 block=2000 rounds=4	/workspace/Tools/InadequateCoverageResearch/results/v2-candidate-3a999a1a-O-t2.log
sweep	O	3	0	0.0141	12	12	6	0		{}	f@5/InadequateCoverage=4|f@23/InadequateCoverage=7|@602/InadequateCoverage=1	2	0	1	3.728	1.423	0.0	1.612	2112	0	name=O-long-AB-oscillation sum=24000 warmup_ms=1.189 phase_ms=3.728 dfg_before=1 dfg_after=3 retry_before=0 retry_after=2 reopt=1 block=2000 rounds=4	/workspace/Tools/InadequateCoverageResearch/results/v2-candidate-3a999a1a-O-t3.log
sweep	O	5	0	0.0143	18	18	10	0		{}	f@5/InadequateCoverage=6|f@23/InadequateCoverage=11|@602/InadequateCoverage=1	2	0	1	4.230	1.373	0.0	1.564	2112	0	name=O-long-AB-oscillation sum=24000 warmup_ms=1.039 phase_ms=4.230 dfg_before=1 dfg_after=3 retry_before=0 retry_after=2 reopt=1 block=2000 rounds=4	/workspace/Tools/InadequateCoverageResearch/results/v2-candidate-3a999a1a-O-t5.log
sweep	O	10	0	0.0164	33	33	20	0		{}	f@5/InadequateCoverage=11|f@23/InadequateCoverage=21|@602/InadequateCoverage=1	2	0	1	6.010	1.414	0.0	1.614	2112	0	name=O-long-AB-oscillation sum=24000 warmup_ms=1.450 phase_ms=6.010 dfg_before=1 dfg_after=3 retry_before=0 retry_after=2 reopt=1 block=2000 rounds=4	/workspace/Tools/InadequateCoverageResearch/results/v2-candidate-3a999a1a-O-t10.log
ftl-proof	ftl-proof	5	0	0.012	6	6	5	0		{}	score@55/InadequateCoverage=6								1168	0		/workspace/Tools/InadequateCoverageResearch/results/v2-candidate-3a999a1a-ftl-proof-t5.log
cost	many-cold-64	5	0	0.0231	64	64	63	0		{}	f@5/InadequateCoverage=1|f@23/InadequateCoverage=1|f@41/InadequateCoverage=1|f@59/InadequateCoverage=1|f@77/InadequateCoverage=1|f@95/InadequateCoverage=1|f@113/InadequateCoverage=1|f@131/InadequateCoverage=1|f@149/InadequateCoverage=1|f@167/InadequateCoverage=1|f@185/InadequateCoverage=1|f@203/InadequateCoverage=1					0.98	0.0	1.227	34816	0	name=many-cold-compile dfg=1 retry=0 sum=2080	/workspace/Tools/InadequateCoverageResearch/results/v2-candidate-3a999a1a-many-cold-64-t5.log
coupling	dedicated5-fromloop100	dedicated5-fromloop100	0	0.0111	6	6	5	0		{}	f@4/InadequateCoverage=6	1	0	1		0.23	0.0	0.374	544	0	name=coupling-fromloop-vs-dedicated sum=40 retry_before=0 retry_after=1 reopt=1 dfg=1	/workspace/Tools/InadequateCoverageResearch/results/v2-candidate-3a999a1a-dedicated5-fromloop100-tdedicated5-fromloop100.log
coupling	dedicated100-fromloop5	dedicated100-fromloop5	0	0.0145	40	40	39	0		{}	f@4/InadequateCoverage=40	0	0	0		0.232	0.0	0.38	544	0	name=coupling-fromloop-vs-dedicated sum=40 retry_before=0 retry_after=0 reopt=0 dfg=1	/workspace/Tools/InadequateCoverageResearch/results/v2-candidate-3a999a1a-dedicated100-fromloop5-tdedicated100-fromloop5.log
coupling	dedicated5-fromloop5	dedicated5-fromloop5	0	0.0118	6	6	5	0		{}	f@4/InadequateCoverage=6	1	0	1		0.234	0.0	0.403	544	0	name=coupling-fromloop-vs-dedicated sum=40 retry_before=0 retry_after=1 reopt=1 dfg=1	/workspace/Tools/InadequateCoverageResearch/results/v2-candidate-3a999a1a-dedicated5-fromloop5-tdedicated5-fromloop5.log
